,silhouette,db,ch
AHC,0.49987832139360505,,
Density,0.1812550872067722,,
