,silhouette,db,ch
AHC,0.6037971172742765,0.5466693294163065,29.50545695286086
Density,0.6430443902078228,,
